id,Activity,Domain,Description (Detailed Steps),Tools (Column E),Toy Photo (Col H),Activity Photo (Col I)
1,Tummy Time,Gross Motor,1. Lay a colorful mat on a flat floor. 2. Place the child on their belly. 3. Put a mirror or high-contrast toy in front of them to encourage neck lifting.,"Padded Play Mat, Floor Mirror",[Image: Colorful Foam Mat],[Image: Baby lifting head on tummy]
2,Rolling Reach,Gross Motor,1. Lay the child on their back. 2. Shake a rattle to one side of their head. 3. Move the rattle slowly toward the floor to guide their body to roll over to reach it.,Bright plastic rattle,[Image: Rattle with beads],[Image: Infant reaching while rolling]
3,Supported Sitting,Gross Motor,1. Sit the child on a firm surface. 2. Place supportive pillows around their back and sides. 3. Place a toy in front of them to encourage staying upright.,Nursing cushion or firm pillows,[Image: U-shaped pillow],[Image: Baby sitting with pillows]
4,Crawling Toy Chase,Gross Motor,"1. Get into a crawling position with the child. 2. Roll a ball just out of their reach. 3. Cheer as they move forward to ""catch"" the ball. ",Colorful rolling ball,[Image: Textured rubber ball],[Image: Child crawling toward ball]
5,Furniture Cruising,Gross Motor,1. Place a toy at the far end of a sturdy sofa. 2. Help the child stand and hold the furniture. 3. Encourage side-steps toward the toy.,Sturdy sofa or low table,[Image: Wooden toy car],[Image: Child walking along sofa]
6,Push Walker Practice,Gross Motor,1. Position the child behind a stable walker. 2. Assist their grip on the handle. 3. Encourage them to push it forward toward you.,Child-sized push walker,[Image: Walker with wheels],[Image: Child pushing a walker]
7,Ball Kick Game,Gross Motor,1. Place a soft ball in front of the child's feet. 2. Demonstrate a kicking motion. 3. Hold their hand for balance as they try to swing their leg at the ball.,Large soft plush ball,[Image: Soft stuffed ball],[Image: Child swinging leg at ball]
8,Balance Line Walk,Gross Motor,1. Place a strip of colored tape on the floor. 2. Hold the child's hands. 3. Guide them to walk one foot in front of the other along the line.,Colored painter's tape,[Image: Roll of blue tape],[Image: Child walking on tape line]
9,Cushion Climb,Gross Motor,1. Stack several firm sofa cushions on a carpeted floor. 2. Place a toy on top of the stack. 3. Help the child crawl up the cushions to retrieve it.,Firm sofa cushions,[Image: Square fabric cushions],[Image: Child climbing over pillows]
10,Jump and Land,Gross Motor,"1. Stand on a flat, soft surface. 2. Hold the child’s hands for support. 3. Count ""1, 2, 3, Jump!"" and encourage them to bend their knees and hop off the floor. ",Soft carpet or play mat,[Image: Thick foam floor mat],[Image: Child hopping with parent]
11,Stair Crawling,Gross Motor,1. Place a toy two steps up on a staircase. 2. Support the child at the hips. 3. Encourage them to reach for the next step and pull their knees up.,"Carpeted stairs, small toy",[Image: Plush teddy bear],[Image: Child crawling up steps]
12,Tunnel Crawl,Gross Motor,1. Set up a play tunnel or a row of open boxes. 2. Sit at the far end and call the child’s name. 3. Encourage them to crawl through the dark space to find you.,Pop-up fabric tunnel,[Image: Multi-color play tunnel],[Image: Child peering through tunnel]
13,Dance Movement,Gross Motor,"1. Play upbeat music with a clear rhythm. 2. Hold the child's hands and bounce or sway. 3. Encourage them to spin, clap, or wiggle their hips to the beat. ",Music player or speaker,[Image: Small portable speaker],[Image: Parent and child dancing]
14,Ball Throw,Gross Motor,1. Stand a short distance from the child. 2. Demonstrate an overhand or underhand throw with a soft ball. 3. Encourage them to throw the ball toward a target like a basket.,"Soft rubber ball, laundry basket",[Image: Lightweight ball],[Image: Child throwing ball into bin]
15,Obstacle Walk,Gross Motor,1. Arrange pillows and toys in a path. 2. Guide the child by the hand through the path. 3. Encourage them to step over the pillows and weave through the toys.,"Pillows, small toys, boxes",[Image: Set of scattered blocks],[Image: Child stepping over a pillow]
16,Animal Walk Game,Gross Motor,"1. Call out an animal (e.g., ""Bear""). 2. Show the child how to crawl on hands and feet like a bear. 3. Change to a ""Frog"" and show them how to squat and hop. ",Clear floor space,[Image: Animal picture book],[Image: Child hopping like a frog]
17,Hop Like Bunny,Gross Motor,"1. Place your hands on top of your head like ears. 2. Demonstrate short, quick hops. 3. Encourage the child to follow you around the room hopping on both feet. ",Headband with bunny ears,[Image: Plush bunny ears],[Image: Child jumping with hands on head]
18,Marching Game,Gross Motor,"1. Play a rhythmic ""marching"" song. 2. Encourage the child to lift their knees high with each step. 3. Swing your arms in sync with your legs to show the motion. ",Drum or rhythm sticks,[Image: Small toy drum],[Image: Child marching in a line]
19,Kick Rolling Ball,Gross Motor,1. Stand a few feet away from the child. 2. Gently roll a ball toward their feet. 3. Encourage them to wait for the ball and kick it back to you as it arrives.,Large inflatable ball,[Image: Inflatable beach ball],[Image: Child kicking a moving ball]
20,Follow the Leader,Gross Motor,"1. Walk around the room performing an action (e.g., clapping). 2. Tell the child to ""Do what I do!"". 3. Change the action to something else, like touching your nose or hopping. ",No tools needed,[Image: Leader baton or flag],[Image: Child walking behind parent]
21,Pillow Stepping Path,Gross Motor,1. Place 4-5 firm pillows in a straight or curved line on a carpeted floor. 2. Hold the child's hands as they step from one pillow to the next. 3. Encourage them to maintain balance on the uneven surface until they reach the end.,Firm floor pillows or cushions,[Image: Various colorful pillows],[Image: Child stepping on a pillow path]
22,Run and Stop Game,Gross Motor,"1. Stand at one end of a clear room. 2. Tell the child to run toward you when you say ""Go!"". 3. Shout ""Stop!"" and show them how to freeze in place, then repeat the cycle.","Handheld ""Stop/Go"" sign",[Image: Red and green paper sign],[Image: Child freezing in a running pose]
23,Toy Push Across Floor,Gross Motor,"1. Place a weighted laundry basket or a large toy box on a smooth floor. 2. Show the child how to place both hands on the side. 3. Encourage them to use their legs to push the object across the room to a ""finish line.""",Weighted laundry basket or box,[Image: Plastic laundry basket],[Image: Child pushing a heavy box]
24,Step Over Objects,Gross Motor,1. Place several low objects (like pool noodles or rolled towels) on the floor. 2. Lead the child toward the obstacles. 3. Encourage them to lift one leg high to step over without touching the object.,Pool noodles or rolled towels,[Image: Bright pool noodles],[Image: Child lifting leg over a towel]
25,Chase the Balloon,Gross Motor,1. Gently toss a bright balloon into the air. 2. Encourage the child to look up and follow its movement. 3. Have them run or reach out to tap the balloon to keep it from hitting the ground.,Brightly colored latex balloon,[Image: Large red balloon],[Image: Child reaching for a floating balloon]
26,Bubble Stomp,Gross Motor,"1. Blow several bubbles toward the floor. 2. Point to the bubbles as they land. 3. Encourage the child to run and ""stomp"" on the bubbles with their feet to pop them.",Bubble solution and wand,[Image: Bottle of bubbles],[Image: Child's foot popping a bubble]
27,Mini Hurdle Walk,Gross Motor,"1. Set up ""hurdles"" using small blocks with a stick across them. 2. Hold the child's hand for support. 3. Guide them to step over each hurdle carefully, focusing on lifting their knees.",Toy blocks and a wooden dowel,[Image: Wooden building blocks],[Image: Child stepping over a small hurdle]
28,Tiptoe Walk,Gross Motor,"1. Tell the child you are ""sneaking"" like a quiet mouse. 2. Demonstrate walking on the balls of your feet with heels lifted. 3. Encourage them to follow you quietly across the room on their tiptoes.",No tools needed,[Image: Pair of tiny socks],[Image: Child walking on tiptoes]
29,Backward Walking,Gross Motor,1. Stand facing the child and hold their hands. 2. Take a slow step backward and pull them gently toward you. 3. Encourage them to look over their shoulder and take small steps in reverse.,No tools needed,[Image: Child's sneakers],[Image: Parent guiding child walking backward]
30,Ball Dribble Push,Gross Motor,1. Give the child a medium-sized playground ball. 2. Show them how to push the ball forward with two hands while walking. 3. Encourage them to keep the ball moving in a straight line toward a target.,Medium playground ball,[Image: Bouncy rubber ball],[Image: Child pushing a ball while walking]
31,Rattle Grip,Fine Motor,"1. Place a rattle in the child's open palm. 2. Gently close their fingers around the handle. 3. Encourage them to shake the rattle to hear the sound, reinforcing their grip strength.",Lightweight plastic rattle,[Image: Easy-grip rattle],[Image: Infant hand gripping a rattle]
32,Block Stacking,Fine Motor,1. Sit with the child and a set of large blocks. 2. Place one block down and stack another on top. 3. Hand a block to the child and gesture for them to add it to the tower.,Large building blocks,[Image: Stack of primary blocks],[Image: Child's hand stacking blocks]
33,Cup Drop Game,Fine Motor,"1. Provide a large plastic cup and several small safe objects (like large pom-poms). 2. Show the child how to pick up one object at a time. 3. Encourage them to drop the object into the cup and listen for the ""plink.""","Plastic cup, large pom-poms",[Image: Colorful pom-poms],[Image: Child dropping a ball into a cup]
34,Spoon Transfer,Fine Motor,1. Place an empty bowl and a bowl filled with dry cereal side-by-side. 2. Give the child a chunky spoon. 3. Help them scoop the cereal and move it into the empty bowl.,"Two bowls, chunky spoon, cereal",[Image: Plastic baby spoon],[Image: Child moving items with a spoon]
35,Large Bead Threading,Fine Motor,1. Use an extra-thick lace or a stiff pipe cleaner. 2. Hold a large bead with a wide hole. 3. Guide the child to push the lace through the hole and pull it out the other side.,"Large wooden beads, thick lace",[Image: Giant wooden beads],[Image: Child threading a bead onto a string]
36,Sticker Peeling,Fine Motor,1. Partially peel the edge of a large sticker from a sheet. 2. Show the child how to pinch the edge with their thumb and forefinger. 3. Encourage them to pull the sticker off and press it onto a piece of paper.,"Large stickers, paper",[Image: Sheet of bright stickers],[Image: Child's fingers peeling a sticker]
37,Playdough Squeeze,Fine Motor,"1. Give the child a golf-ball-sized piece of soft playdough. 2. Show them how to squeeze it tight in their fist so it oozes through their fingers. 3. Encourage them to poke it, squish it, and pull it apart.",Non-toxic playdough,[Image: Tub of soft playdough],[Image: Hand squeezing playdough]
38,Crayon Scribbling,Fine Motor,"1. Tape a large piece of paper to the table to prevent sliding. 2. Give the child a thick ""egg"" or triangular crayon. 3. Demonstrate making a mark and encourage them to move their arm to make their own lines.","Thick crayons, large paper",[Image: Jumbo crayons],[Image: Child scribbling on paper]
39,Button Drop Jar,Fine Motor,1. Use a jar with a slot cut into the lid. 2. Give the child large buttons (too big to swallow). 3. Show them how to orient the button vertically to fit it through the slot.,"Slotted jar, jumbo buttons",[Image: Extra large buttons],[Image: Child putting button in a jar slot]
40,Paper Tear Play,Fine Motor,1. Give the child a strip of colorful tissue paper or thin construction paper. 2. Demonstrate holding the paper with both hands and pulling in opposite directions. 3. Encourage them to tear the paper into many small pieces.,Colorful tissue or construction paper,[Image: Strips of colored paper],[Image: Child's hands tearing paper]
41,Cloth Peg Pinch,Fine Motor,"1. Clip several clothespins to the rim of a sturdy bowl. 2. Show the child how to squeeze the peg to open the ""mouth."" 3. Encourage them to pull the pegs off one by one and drop them into the bowl.","Plastic clothespins, sturdy bowl",[Image: Spring-loaded clothespins],[Image: Child pinching a clothespin]
42,Puzzle Placement,Fine Motor,1. Remove one piece from a large wooden knob puzzle. 2. Hand the piece to the child and point to the empty space. 3. Guide their hand to rotate and drop the piece into the matching slot.,Wooden knob puzzle,[Image: Single-piece knob puzzle],[Image: Child fitting puzzle piece]
43,Finger Painting,Fine Motor,"1. Place a dollop of non-toxic paint on a large sheet of paper. 2. Show the child how to dip one finger into the paint. 3. Encourage them to smear, swirl, and make dots across the paper surface.","Non-toxic finger paint, paper",[Image: Pots of colorful paint],[Image: Child's hand covered in paint]
44,Coin Slot Game,Fine Motor,1. Use a plastic piggy bank or a container with a thin slit. 2. Give the child large plastic play coins. 3. Show them how to line up the coin with the slot and push it all the way in.,"Piggy bank, plastic play coins",[Image: Oversized plastic coins],[Image: Child inserting coin into slot]
45,Shape Tracing,Fine Motor,"1. Draw a large, bold circle or square on a piece of paper. 2. Have the child dip their finger in water or paint. 3. Guide their finger to follow the lines of the shape from start to finish.","Bold marker, paper, water/paint",[Image: Paper with a large red circle],[Image: Child's finger following a line]
46,Pipe Cleaner Threading,Fine Motor,1. Poke several holes in the bottom of an upside-down colander. 2. Give the child colorful pipe cleaners. 3. Show them how to poke the end of the pipe cleaner into a hole and push it through.,"Colander, colorful pipe cleaners",[Image: Fuzzy pipe cleaners],[Image: Child poking wire into a hole]
47,Sorting Small Objects,Fine Motor,"1. Place a mix of two different items (e.g., large pasta and blocks) in a pile. 2. Provide two separate containers. 3. Show the child how to pick up a block and put it in one container, then pasta in the other.","Two bowls, pasta, small blocks",[Image: Mixed bowl of toys],[Image: Child sorting items into bowls]
48,Stacking Cups,Fine Motor,1. Set out a set of graduated stacking cups. 2. Show the child how to place the largest cup down first. 3. Encourage them to find the next size and stack it precisely on top to build a tower.,Set of nesting/stacking cups,[Image: Stacked colorful cups],[Image: Child building a cup tower]
49,Tape Pull Game,Fine Motor,"1. Stick several short strips of painter's tape to a high-chair tray or table. 2. Peel up one corner of each strip. 3. Encourage the child to use their ""pincer grasp"" to grab the corner and pull the tape off.",Masking tape or painter's tape,[Image: Roll of colorful tape],[Image: Child pulling tape off a table]
50,Lid Open Close,Fine Motor,"1. Provide several small plastic containers with different types of lids (flip, pull, or screw). 2. Hide a small toy inside one. 3. Show the child how to remove the lid to find the toy, then help them put it back on.",Plastic tubs with various lids,[Image: Small food storage containers],[Image: Child pulling a lid off a tub]
51,Pom Pom Pick Up,Fine Motor,1. Scatter soft pom-poms on a flat surface. 2. Give the child a pair of large plastic tweezers or tongs. 3. Show them how to squeeze the tongs to grab a pom-pom and move it to a basket.,"Large pom-poms, plastic tongs",[Image: Jumbo soft pom-poms],[Image: Child using tongs on a ball]
52,Velcro Pull Game,Fine Motor,"1. Use toys or straps that have Velcro fasteners. 2. Close the Velcro firmly. 3. Encourage the child to grab the edge of the strap and pull hard to hear the ""rrip"" sound as it opens.",Velcro straps or Velcro toys,[Image: Strips of hook-and-loop tape],[Image: Child pulling a Velcro strap]
53,Rubber Band Board,Fine Motor,"1. Use a wooden board with large, secure pegs (Geoboard). 2. Show the child how to hook a thick rubber band onto one peg. 3. Encourage them to pull and stretch the band to hook it onto a second peg.","Geoboard, thick rubber bands",[Image: Wooden board with pegs],[Image: Child stretching a rubber band]
54,Peg Board Insert,Fine Motor,1. Place a pegboard in front of the child. 2. Hand them one large plastic peg. 3. Point to a hole and guide them to push the peg down until it stays upright in the board.,Large pegboard and pegs,[Image: Brightly colored plastic pegs],[Image: Child inserting a peg into a board]
55,Sponge Squeeze,Fine Motor,1. Place one bowl filled with water and one empty bowl. 2. Put a small sponge in the water bowl. 3. Show the child how to move the wet sponge to the empty bowl and squeeze hard to release the water.,"Two bowls, soft kitchen sponge",[Image: Small yellow sponge],[Image: Child's hands squeezing a sponge]
56,Button Push Toy,Fine Motor,"1. Use a ""pop-up"" toy or an activity center with buttons. 2. Point to a specific button. 3. Show the child how to use their pointer finger to push the button down to trigger a sound or a pop-up.",Pop-up cause-and-effect toy,[Image: Toy with colorful buttons],[Image: Child pressing a button]
57,Flip Book Pages,Fine Motor,1. Sit with the child and a sturdy board book. 2. Show them how to slide their finger under the edge of the page. 3. Encourage them to turn one page at a time to see the next picture.,Sturdy board book,[Image: Thick-paged board book],[Image: Child's hand turning a page]
58,Ring Stack Toy,Fine Motor,1. Remove all rings from a stacking post. 2. Hand the largest ring to the child. 3. Point to the post and encourage them to drop the ring over the top so it slides to the bottom.,Classic ring stacker toy,[Image: Plastic rings on a post],[Image: Child placing a ring on a post]
59,Paper Crumple Game,Fine Motor,"1. Give the child a sheet of newspaper or thin wrapping paper. 2. Show them how to use both hands to crush the paper into a small ball. 3. Encourage them to throw the ""paper ball"" into a basket.",Newspaper or scrap paper,[Image: Ball of crumpled paper],[Image: Child's hands crushing paper]
60,Toy Screw Turn,Fine Motor,1. Provide a large toy nut and bolt set. 2. Hold the bolt steady for the child. 3. Show them how to twist the nut with their fingers to move it up or down the screw thread.,Jumbo toy nuts and bolts,[Image: Large plastic bolt and nut],[Image: Child twisting a toy nut]
61,Face Talking,Speech & Language,1. Sit at eye level with the child so they can see your mouth clearly. 2. Speak slowly using exaggerated facial expressions and lip movements. 3. Pause frequently to give the child a chance to respond with a sound or facial movement.,No tools needed,[Image: Mirror with a smiling face],[Image: Parent at eye-level talking to baby]
62,Sound Imitation,Speech & Language,"1. Listen for a sound the child makes naturally (e.g., ""ba""). 2. Repeat the exact sound back to them immediately. 3. Wait for them to make the sound again, creating a back-and-forth ""conversation"" of babbles.",No tools needed,[Image: Musical note icons],[Image: Parent leaning in to listen to baby]
63,Object Naming,Speech & Language,"1. Hold a familiar object like a ""Ball"" clearly in front of the child. 2. Say the name of the object twice: ""Ball... Ball."" 3. Encourage the child to look at the object and try to repeat the name or point to it.","Familiar objects (Ball, Spoon, Shoe)",[Image: Assorted household items],[Image: Parent holding a shoe and naming it]
64,Animal Sound Game,Speech & Language,"1. Show the child a picture of a common animal (e.g., a cow). 2. Make the animal's sound clearly (""Moo!""). 3. Encourage the child to copy the sound whenever you point to that animal's picture.",Animal picture book or toy animals,[Image: Toy cow and sheep],"[Image: Child making a ""moo"" face with toy]"
65,Picture Book Talk,Speech & Language,"1. Open a book with large, simple pictures. 2. Instead of reading the story, point to a picture and describe it: ""Look at the big blue bird!"" 3. Ask the child ""Where is the bird?"" and guide their hand to point to it.",Large picture board book,[Image: Open book with bright illustrations],[Image: Parent and child looking at a book]
66,Two Word Prompt,Speech & Language,"1. When the child wants something, use two-word phrases to describe it (e.g., ""More juice"" or ""Blue ball""). 2. Encourage the child to attempt a second word by pausing after the first: ""Want... [pause]... cookie?"". 3. Celebrate any vocal attempt they make.",Child's favorite snack or toy,[Image: Small cup of juice],[Image: Parent holding a toy out to a child]
67,Toy Phone Conversation,Speech & Language,"1. Give the child a toy phone and take one for yourself. 2. Hold the phone to your ear and say ""Hello? Is [Child's Name] there?"". 3. Hand the phone to them and encourage them to ""talk"" and listen into the receiver.",Two toy telephones,[Image: Plastic toy telephone],[Image: Child holding toy phone to ear]
68,Song Repetition,Speech & Language,"1. Sing a short, simple song like ""Twinkle Twinkle"" several times. 2. Use the same hand gestures every time you sing it. 3. Eventually, stop singing at the end of a line (e.g., ""How I wonder what you..."") and wait for the child to fill in the last word.",No tools needed,[Image: Music note and star symbols],[Image: Parent singing with hand motions]
69,Body Part Naming,Speech & Language,"1. Point to your own nose and say ""Nose."" 2. Gently touch the child's nose and say ""Your nose!"". 3. Ask ""Where is your nose?"" and encourage them to point to their own or yours.",No tools needed,[Image: Illustration of a face],[Image: Child touching their own nose]
70,Action Word Game,Speech & Language,"1. Perform a simple action like ""Jump"" or ""Clap."" 2. Say the word as you do the action: ""I am jumping!"". 3. Encourage the child to do the same and say the word along with you.",No tools needed,[Image: Icon of clapping hands],[Image: Child jumping while parent says 'Jump']
71,Question Game,Speech & Language,"1. Ask simple ""Yes/No"" questions throughout the day (e.g., ""Do you want water?""). 2. Exaggerate a nod for ""Yes"" and a shake for ""No."" 3. Wait for the child to respond with a gesture or a sound before providing the item.",No tools needed,[Image: Question mark icon],[Image: Parent asking child a question]
72,Rhyming Sounds,Speech & Language,"1. Say two words that rhyme clearly (e.g., ""Cat, Hat""). 2. Repeat them with an emphasis on the ending sound. 3. Say a short rhyme and clap your hands on the rhyming words to draw the child's attention to the sound pattern.",Rhyming picture cards,[Image: Card with a cat and a hat],[Image: Parent emphasizing sounds to child]
73,Story Retelling,Speech & Language,"1. Read a very familiar story to the child. 2. Turn to a page and ask ""What happened here?"". 3. Encourage the child to use one or two words to describe the picture or what comes next in the story.",Familiar storybook,[Image: Stack of children's books],[Image: Child pointing at a book page]
74,Emotion Naming,Speech & Language,"1. Make a very happy face and say ""I am happy!"". 2. Use a mirror so the child can see their own face. 3. Ask them to ""Make a happy face"" and name the emotion they are showing.",Handheld mirror,[Image: Yellow 'happy face' icon],[Image: Child looking in mirror making a face]
75,Object Request Game,Speech & Language,"1. Place a desired toy slightly out of reach but in plain sight. 2. Wait for the child to gesture or make a sound. 3. Prompt them by saying ""What do you want?"" and encourage them to use a word or point clearly before giving it to them.",Child's favorite toy,[Image: Toy train on a shelf],[Image: Child reaching and vocalizing for toy]
76,Name That Toy,Speech & Language,"1. Put three different toys in front of the child (e.g., car, doll, ball). 2. Ask ""Where is the car?"". 3. Encourage the child to point to or pick up the correct toy, then say the name of the toy together.",Three distinct toys,"[Image: A car, a doll, and a ball]",[Image: Child picking up a specific toy]
77,Echo Word Game,Speech & Language,"1. Say a simple, fun word like ""Pop!"" or ""Boom!"". 2. Encourage the child to ""echo"" or repeat the word back to you. 3. Make it a game by changing the volume from a whisper to a loud voice and having them match you.",No tools needed,[Image: Sound wave icon],"[Image: Parent and child shouting ""Pop""]"
78,Nursery Rhyme Actions,Speech & Language,"1. Sing a rhyme that has specific motions (e.g., ""Itsy Bitsy Spider""). 2. Guide the child's hands to perform the movements as you sing. 3. Pause during the song to see if the child will start the next hand motion on their own.",No tools needed,[Image: Spider icon],[Image: Child doing spider hand motions]
79,Simple Choice Question,Speech & Language,"1. Hold up two different items (e.g., an apple and a banana). 2. Ask ""Do you want the apple or the banana?"". 3. Wait for the child to look at or point to their choice, then repeat the name of the chosen item clearly.",Two different snacks or toys,[Image: An apple and a banana],[Image: Child pointing to one of two items]
80,Picture Pointing,Speech & Language,"1. Show a busy picture with many items (like a park scene). 2. Say ""Find the doggie!"". 3. Encourage the child to scan the picture and point to the correct object, then reward them with praise.",Detailed picture book or poster,[Image: Illustration of a park],[Image: Child pointing to a detail in a book]
81,Describe The Toy,Speech & Language,"1. Pick up a toy and point to a specific feature (e.g., ""The car is red""). 2. Use simple sensory words like ""soft,"" ""loud,"" or ""shiny"" to describe it. 3. Encourage the child to touch the toy while you repeat the descriptive word.",Various textured/colored toys,[Image: Bright red toy car],[Image: Parent pointing at toy features]
82,Guess The Sound,Speech & Language,"1. Hide behind a chair or door with an object that makes a distinct noise (like a bell). 2. Make the sound and ask, ""What was that?"". 3. Reveal the object, name it, and let the child make the sound themselves.","Bell, whistle, or squeaky toy",[Image: Small silver handbell],[Image: Child listening intently to a sound]
83,Who Is That Game,Speech & Language,"1. Look through a photo album or digital pictures of family members. 2. Point to a person and ask ""Who is that?"". 3. Say the name (e.g., ""Grandpa"") and encourage the child to repeat it or wave at the picture.",Family photo album,[Image: Framed family photograph],[Image: Child pointing at a photo]
84,Where Is The Toy,Speech & Language,"1. Place a toy in an obvious but slightly hidden spot (e.g., under a clear cloth). 2. Ask the child, ""Where is your teddy?"". 3. Encourage them to look around and point to or crawl toward the object.",Familiar stuffed animal,[Image: Plush teddy bear],[Image: Child searching around the room]
85,Repeat After Me,Speech & Language,"1. Say a simple, silly sound or a word (e.g., ""Beep-beep!""). 2. Look at the child expectantly and wait for them to try and mimic you. 3. Gradually increase the difficulty to two-word phrases once they master single sounds.",No tools needed,[Image: Speech bubble icon],[Image: Parent and child face-to-face]
86,Sing and Pause,Speech & Language,"1. Sing a very familiar nursery rhyme with a strong rhythm. 2. Stop abruptly before a rhyming word or a key phrase (e.g., ""The wheels on the bus go round and...""). 3. Wait for the child to finish the line with a sound, word, or gesture.",No tools needed,[Image: Musical note pattern],[Image: Parent pausing mid-song]
87,Describe Routine,Speech & Language,"1. Narrate what you are doing during a daily task like diapering or dressing. 2. Use simple sentences: ""Now we put on your sock. One sock, two socks."" 3. Pause to see if the child anticipates the next step by looking or moving.","Daily items (Socks, Diapers)",[Image: Pair of baby socks],[Image: Parent talking while dressing child]
88,Sound Search,Speech & Language,"1. Walk around the house and listen for specific sounds (a ticking clock, a bird, a running tap). 2. Point to your ear and say ""Listen! I hear a..."" 3. Lead the child to the source of the sound and name the object making it.",Household sound sources,[Image: Analog wall clock],[Image: Child with hand to ear listening]
89,Word Expansion,Speech & Language,"1. When the child says a single word (e.g., ""Dog""), repeat it back and add a word. 2. Say, ""Yes, big dog!"" or ""Brown dog!"". 3. This helps the child learn how to combine words into short phrases.",Picture book or toy animals,[Image: Toy golden retriever],[Image: Parent nodding and talking to child]
90,Talking Mirror,Speech & Language,"1. Sit with the child in front of a large mirror. 2. Make funny faces or stick out your tongue and describe the action. 3. Encourage the child to ""talk"" to their reflection and watch how their mouth moves.",Large wall or floor mirror,[Image: Child-safe acrylic mirror],[Image: Child babbling at their reflection]
91,High Contrast Cards,Cognitive,"1. Hold a black-and-white high-contrast card about 8-12 inches from the infant's face. 2. Slowly move the card from side to side. 3. Watch as the child tracks the bold patterns, which helps develop visual focus and brain connections.",Black and white art cards,[Image: Card with black/white stripes],[Image: Infant tracking a card]
92,Peekaboo,Cognitive,"1. Hide your face behind your hands or a scarf. 2. Ask ""Where is Mama/Papa?"" in an excited voice. 3. Quickly reveal your face and say ""Peekaboo!"" to teach that things exist even when unseen.",Soft cloth or hands,[Image: Bright silk scarf],[Image: Parent revealing face behind hands]
93,Hidden Toy Search,Cognitive,"1. Show the child a toy, then hide it completely under a small blanket while they watch. 2. Ask ""Where did it go?"". 3. Encourage the child to lift the blanket to find the toy, building memory and persistence.","Small blanket, favorite toy",[Image: Toy car under a cloth],[Image: Child lifting a blanket to find toy]
94,Shape Sorting,Cognitive,"1. Present a shape sorter with only one type of hole open (e.g., the circle). 2. Hand the child the matching shape. 3. Guide their hand to align the shape and push it through the hole.",Shape sorter bucket,[Image: Plastic circle block],[Image: Child pushing shape into sorter]
95,Color Sorting,Cognitive,"1. Use two bowls of different colors (e.g., Red and Blue). 2. Provide several red and blue blocks. 3. Show the child how to ""match"" the red block to the red bowl, then encourage them to try.",Two colored bowls and blocks,[Image: Red bowl and blue bowl],[Image: Child placing block in matching bowl]
96,Simple Puzzle,Cognitive,1. Use a puzzle with only 2 or 3 large pieces. 2. Remove the pieces and show the child the empty board. 3. Encourage them to fit the pieces back by matching the shapes and pictures.,2-3 piece wooden puzzle,[Image: Large wooden puzzle piece],[Image: Child assembling a 2-piece puzzle]
97,Memory Match,Cognitive,"1. Lay out two pairs of identical cards face up. 2. Point to one and ask the child to ""find the one just like this."" 3. Encourage them to pick up the matching card, reinforcing visual memory.",Large matching picture cards,[Image: Two cards with identical suns],[Image: Child holding two matching cards]
98,Stack Order Game,Cognitive,1. Use nesting cups or rings of different sizes. 2. Show the child that the small one fits inside the big one. 3. Encourage them to experiment with the order to see which ones fit together and which ones don't.,Set of nesting cups,[Image: Nesting cups of various sizes],[Image: Child trying to fit cups together]
99,Cause Effect Toy,Cognitive,"1. Present a toy that reacts to an action (e.g., a jack-in-the-box or a button that makes a light flash). 2. Demonstrate the action clearly. 3. Encourage the child to repeat the action to get the same fun result.",Pop-up toy or light-up button,[Image: Jack-in-the-box toy],[Image: Child pressing a button for light]
100,Light Switch Game,Cognitive,"1. Safely hold the child near a light switch. 2. Say ""Lights ON"" as you flip it up, and ""Lights OFF"" as you flip it down. 3. Let the child try to move the switch themselves to see the immediate change in the room.",Safe wall light switch,[Image: Standard light switch],[Image: Parent holding child to reach switch]
101,Sorting Basket,Cognitive,"1. Fill a basket with various items like blocks, socks, and spoons. 2. Set out three empty containers. 3. Show the child how to put all the blocks in one, socks in the second, and spoons in the third.","Wicker basket, blocks, socks, spoons",[Image: Basket with mixed household items],[Image: Child sorting items into three bins]
102,Pattern Copy,Cognitive,"1. Place two different colored blocks in a row (e.g., Red, Blue). 2. Hand the child a red block and a blue block. 3. Encourage them to place their blocks in the same order next to yours.",Set of colored wooden blocks,[Image: Red and blue blocks in a line],[Image: Child mimicking a block pattern]
103,Counting Objects,Cognitive,"1. Line up 3-5 large items like toy cars. 2. Touch each item one by one as you say the number clearly: ""One, two, three..."" 3. Encourage the child to touch the items along with you as you count.",5 large toy cars or figurines,[Image: Five toy cars in a row],[Image: Finger touching a toy while counting]
104,Matching Pictures,Cognitive,"1. Lay out three different picture cards (e.g., Apple, Dog, Sun). 2. Hand the child a duplicate ""Apple"" card. 3. Ask them to ""Find the one that looks like this"" and place it on top of the matching card.",Two sets of identical flashcards,[Image: Flashcard with a bright sun],[Image: Child matching two identical cards]
105,Treasure Hunt,Cognitive,"1. Hide a noisy toy (like a ticking timer or music box) under a pillow. 2. Ask the child ""Where is the music coming from?"". 3. Encourage them to follow the sound and lift the pillow to reveal the ""treasure"".",Music box or kitchen timer,[Image: Small wind-up music box],[Image: Child listening for a hidden toy]
106,Find The Red Toy,Cognitive,"1. Scatter several toys of different colors on the floor. 2. Ask the child ""Can you find something red?"". 3. Praise them when they pick up a red item and name the color again to reinforce the concept.",Assorted colorful toys,[Image: Group of multi-colored toys],[Image: Child holding up a red toy]
107,Stack And Knock,Cognitive,"1. Build a tall tower of soft blocks in front of the child. 2. Say ""1, 2, 3... Knock it down!"". 3. Let the child push the tower over, then encourage them to help you rebuild it to learn cause and effect.",Soft fabric blocks,[Image: Tall tower of soft blocks],[Image: Child pushing over a block tower]
108,Category Sort,Cognitive,"1. Mix toy animals and toy vehicles in a pile. 2. Label two boxes: ""Animals"" and ""Cars."" 3. Show the child how to sort them, explaining that one group has legs and the other has wheels.",Plastic animals and small cars,[Image: Toy cow and toy truck side-by-side],[Image: Child placing a cow in an animal bin]
109,Build Tower Challenge,Cognitive,"1. Give the child 5 blocks and keep 5 for yourself. 2. Tell them ""Let's see how high we can go!"". 3. Take turns adding one block at a time to a single tower, teaching patience and steady hand movements.",Large plastic building blocks,[Image: Stack of interlocking blocks],[Image: Parent and child adding to a tower]
110,What Is Missing,Cognitive,"1. Place three familiar toys on a tray (e.g., Ball, Cup, Spoon). 2. Have the child close their eyes, then remove one toy. 3. Ask ""What is gone?"" and encourage them to remember the missing item.","Tray, Ball, Cup, Spoon",[Image: Tray with three common objects],[Image: Child looking at a tray with one empty spot]
111,Shadow Matching,Cognitive,"1. Draw the outlines (shadows) of 3 simple toys on a piece of paper. 2. Hand the child the actual toys. 3. Encourage them to place each toy onto its corresponding ""shadow"" drawing.","Paper, marker, 3 simple toys",[Image: Paper with toy outlines],[Image: Child placing a toy on its outline]
112,Container Fill,Cognitive,"1. Provide a large empty bucket and a scoop of dry rice or sand. 2. Show the child how to fill the bucket to the top. 3. Then, show them how to pour it all out to understand concepts of ""full"" and ""empty"".","Plastic bucket, scoop, dry rice",[Image: Bucket filled with dry rice],[Image: Child pouring rice from a scoop]
113,Which Is Bigger,Cognitive,"1. Hold up a large ball and a very small ball. 2. Ask the child ""Which one is BIG?"". 3. Encourage them to point to or grab the larger object, then repeat the word ""Big"".","One large ball, one small ball",[Image: Large beach ball and small tennis ball],[Image: Child pointing to a large object]
114,Toy Sequence,Cognitive,"1. Lay out a sequence of activities (e.g., Brush hair, then put on hat). 2. Show the child the two steps in order. 3. Ask them ""What do we do first?"" and guide them through the simple two-step routine.","Hairbrush, Hat",[Image: Hairbrush and a sun hat],[Image: Child brushing hair then reaching for hat]
115,Cup Hide Game,Cognitive,"1. Place a small toy under one of two identical cups while the child watches. 2. Slowly move the cups around. 3. Ask ""Where is the toy?"" and let the child lift a cup to find it.","Two identical plastic cups, small toy",[Image: Two yellow cups],[Image: Child lifting a cup to find a toy]
116,Pattern Clap,Cognitive,"1. Clap a simple rhythm (e.g., Clap-Clap, Pause). 2. Look at the child and say ""Your turn!"". 3. Encourage them to mimic the same rhythm, helping them develop auditory memory.",No tools needed,[Image: Icon of clapping hands],[Image: Parent and child clapping together]
117,Sound Guess,Cognitive,"1. Stand behind the child and make a sound (e.g., shake a bell or crinkle paper). 2. Ask ""Where is that sound?"". 3. Encourage the child to turn their head or point in the direction the sound came from.",Bell or crinkly paper,[Image: Piece of crinkled cellophane],[Image: Child turning head toward a sound]
118,Two Step Task,Cognitive,"1. Give a simple command with two parts: ""Pick up the ball and put it in the box."" 2. Wait for the child to process both steps. 3. Praise them for completing the sequence in the correct order.","Ball, Toy box",[Image: Box and a ball],[Image: Child placing a ball into a box]
119,Find The Pair,Cognitive,"1. Scatter 3 pairs of identical socks on the floor. 2. Pick up one sock and show it to the child. 3. Ask ""Can you find the other one just like this?"" to encourage visual matching.",3 pairs of colorful socks,[Image: Pair of matching striped socks],[Image: Child holding two matching socks]
120,Simple Maze,Cognitive,"1. Draw a wide, simple path on a piece of paper leading from a ""Start"" to a ""Finish"" (e.g., a mouse to a cheese). 2. Show the child how to move their finger along the path. 3. Encourage them to stay ""inside the lines"" until the end.","Paper, marker",[Image: Simple straight path drawing],[Image: Child tracing a line with their finger]
121,Mirror Smile,Social & Emotional,"1. Sit with the child in front of a mirror. 2. Make a big, bright smile and say ""Happy!"". 3. Wait for the child to see your reflection and encourage them to smile back at themselves and you.",Child-safe mirror,[Image: Acrylic safety mirror],[Image: Child smiling at their reflection]
122,Clap Together,Social & Emotional,"1. Sit facing the child and start a slow, rhythmic clap. 2. Reach out and gently help the child clap their hands together. 3. Cheer and laugh together to celebrate the shared rhythmic movement.",No tools needed,[Image: Icon of clapping hands],[Image: Parent and child clapping together]
123,Ball Turn Taking,Social & Emotional,"1. Sit on the floor across from the child. 2. Roll a soft ball to them and say ""Your turn!"". 3. Wait for them to roll it back and say ""My turn!"", teaching the flow of social play.",Soft plush or rubber ball,[Image: Soft textured ball],[Image: Parent and child rolling a ball]
124,Pretend Feeding,Social & Emotional,"1. Give the child a doll or teddy bear and a toy spoon. 2. Show them how to ""feed"" the doll. 3. Encourage the child to mimic the nurturing action, fostering early empathy.","Doll or Teddy, toy spoon",[Image: Small baby doll],"[Image: Child ""feeding"" a teddy bear]"
125,Toy Sharing,Social & Emotional,"1. Play with a set of blocks together. 2. Hand a block to the child and say ""One for you."" 3. Ask the child to ""Give one to me,"" praising them when they hand a toy over.",Set of building blocks,[Image: Multi-colored blocks],[Image: Child handing a toy to a parent]
126,Group Song Time,Social & Emotional,"1. Sit in a circle with family or other children. 2. Sing a familiar song with hand motions like ""If You're Happy and You Know It."" 3. Encourage the child to look at others and join in the collective movements.",Music player (optional),[Image: Musical note icons],[Image: Children sitting in a circle singing]
127,Emotion Face Game,Social & Emotional,"1. Make an exaggerated face (Happy, Sad, Surprised). 2. Name the emotion clearly: ""I am sad."" 3. Ask the child to copy your face and name the feeling together.",No tools needed,[Image: Emoticon faces],[Image: Parent and child making funny faces]
128,Goodbye Wave,Social & Emotional,"1. When someone leaves the room, say ""Bye-bye!"". 2. Demonstrate a waving motion with your hand. 3. Help the child lift their hand and wave to practice social greetings and departures.",No tools needed,[Image: Icon of a waving hand],[Image: Child waving at a door]
129,Hug Game,Social & Emotional,"1. Open your arms wide and say ""Hug?"". 2. Lean in for a gentle embrace. 3. Encourage the child to initiate hugs with you or a favorite stuffed animal to express affection.",Favorite stuffed toy,[Image: Soft plush animal],[Image: Child hugging a parent]
130,Name Response,Social & Emotional,1. Sit behind or to the side of the child while they play. 2. Call their name clearly in a cheerful voice. 3. Reward them with a smile or a tickle the moment they turn their head to acknowledge you.,No tools needed,[Image: Speech bubble with a name],[Image: Child turning head when called]
131,Pretend Cooking,Social & Emotional,"1. Provide a toy pot and a wooden spoon. 2. Show the child how to ""stir"" the pot. 3. Pretend to taste the ""food"" and say ""Mmm, yummy!"" to encourage imaginative role-play.",Toy pot and spoon,[Image: Plastic toy cooking set],[Image: Child stirring a toy pot]
132,Dress Up Play,Social & Emotional,"1. Set out a basket of easy-to-wear items like large hats or scarves. 2. Put a hat on yourself, then on the child. 3. Look in the mirror together and talk about the ""new"" characters you've become.","Large hats, soft scarves",[Image: Bright sun hat],[Image: Child wearing a large adult hat]
133,Tickle Game,Social & Emotional,"1. Say ""I'm gonna get you!"" in a playful tone. 2. Gently tickle the child's tummy or toes. 3. Pause and wait for their laughter or a ""more"" gesture before continuing to build social anticipation.",No tools needed,[Image: Smiling sun icon],[Image: Parent tickling a laughing child]
134,Greeting Practice,Social & Emotional,"1. When a family member enters, say ""Hello!"". 2. Encourage the child to look at the person. 3. Prompt the child to wave or say a sound to acknowledge the arrival of a loved one.",No tools needed,"[Image: ""Hello"" text bubble]",[Image: Child reaching for a person entering]
135,Emotion Story,Social & Emotional,"1. Read a book where a character is feeling an emotion. 2. Point to the character's face and say, ""He is happy because he has a ball."" 3. Ask the child ""Are you happy?"" to bridge the story to their own feelings.",Picture book with characters,[Image: Book showing a happy face],[Image: Parent and child discussing a book]
136,Thank You Practice,Social & Emotional,"1. Hand a toy to the child and say ""Here you go."" 2. When the child hands you something, say ""Thank you"" with a big smile. 3. Model the behavior consistently to help the child learn the social rhythm of gratitude.",Any small toy,[Image: Hand-to-hand toy transfer],[Image: Parent smiling while receiving a toy]
137,High Five Game,Social & Emotional,"1. Hold your palm up and say ""High Five!"". 2. Guide the child's hand to slap yours. 3. Celebrate the contact with a cheer to build a sense of shared accomplishment.",No tools needed,[Image: Open palm icon],[Image: Child giving parent a high five]
138,Give and Take,Social & Emotional,"1. Hold a toy and offer it to the child. 2. Once they take it, gently ask ""Can I have it please?"". 3. When they give it back, praise them immediately to encourage the flow of reciprocal play.",Small handheld toy,[Image: Colorful toy ring],[Image: Child handing a toy back to parent]
139,Family Photo Talk,Social & Emotional,"1. Show the child a photo of a family member who isn't present. 2. Name the person and talk about them: ""That's Grandma! She loves you."" 3. Encourage the child to kiss the photo or wave to foster long-distance bonding.",Printed family photos,[Image: Photo of a smiling person],[Image: Child looking at a family photo]
140,Care For Teddy,Social & Emotional,"1. Lay a teddy bear down and cover it with a small cloth. 2. Whisper ""Shh, teddy is sleeping."" 3. Have the child ""pat"" the bear gently to practice being quiet and careful with others.","Teddy bear, small cloth",[Image: Plush bear with a blanket],[Image: Child patting a stuffed animal]
141,Wave Hello,Social & Emotional,"1. When someone enters the room, say ""Hello!"" in a cheerful voice. 2. Demonstrate a waving motion. 3. Encourage the child to look at the person and mirror your wave to practice social greetings.",No tools needed,[Image: Waving hand icon],[Image: Child waving at an open door]
142,Happy Dance,Social & Emotional,"1. Play a favorite upbeat song. 2. Hold the child's hands and bounce or sway together. 3. Laugh and cheer as you move, showing the child how to express joy through physical movement.",Music player or speaker,[Image: Musical note symbols],[Image: Parent and child dancing together]
143,Comfort Toy,Social & Emotional,1. Identify a specific soft toy the child gravitates toward when tired or upset. 2. Offer the toy during quiet transitions or naps. 3. Use the toy to model self-soothing by hugging it yourself first.,Soft plush animal or blanket,[Image: Soft teddy bear],[Image: Child cuddling a plush toy]
144,Laugh Together,Social & Emotional,"1. Make a funny sound or a silly face (e.g., a ""pop"" sound with your cheek). 2. Wait for the child to react. 3. Repeat the action that made them laugh to build a shared sense of humor and connection.",No tools needed,[Image: Smiling face icon],[Image: Parent and child laughing]
145,Help Carry Toy,Social & Emotional,"1. Hold a large but lightweight toy (like a beach ball). 2. Ask the child ""Can you help me?"". 3. Have them hold one side while you hold the other as you move it across the room.",Large lightweight ball or box,[Image: Large inflatable ball],[Image: Parent and child carrying a box]
146,Role Play Shopping,Social & Emotional,"1. Set out a few toy food items and a small basket. 2. Pretend to pick an item and put it in the basket. 3. Encourage the child to ""shop"" and hand you items to ""buy,"" practicing social exchange.","Toy food, small basket",[Image: Plastic toy fruit],[Image: Child placing toy food in basket]
147,Pretend Doctor,Social & Emotional,"1. Use a toy stethoscope to ""listen"" to a teddy bear's heart. 2. Gently show the child how to do the same. 3. This reduces anxiety about real check-ups and encourages nurturing behavior.",Toy doctor kit,[Image: Toy stethoscope],[Image: Child using toy on a teddy bear]
148,Sharing Snack,Social & Emotional,"1. Place a few small crackers on a plate. 2. Take one and say ""One for me."" 3. Hand one to the child and say ""One for you,"" teaching the basics of fair distribution and sharing.","Small crackers, plastic plate",[Image: Small round crackers],[Image: Child and parent sharing a snack]
149,Friend Doll Play,Social & Emotional,"1. Use two dolls to act out a simple interaction, like waving ""Hi."" 2. Give one doll to the child and keep one for yourself. 3. Encourage the dolls to ""talk"" or play together to model friendship.",Two small dolls or figurines,[Image: Two plastic peg dolls],[Image: Child playing with two dolls]
150,Smile Exchange,Social & Emotional,"1. Lean close to the child and wait for them to look at you. 2. Give a big, warm smile and wait silently. 3. When they smile back, respond with a verbal ""I see that big smile!"" to reinforce emotional bonding.",No tools needed,[Image: Glowing sun icon],[Image: Parent and baby smiling at each other]
151,Baby Massage,Sensory,"1. Use a small amount of baby-safe oil or lotion. 2. Gently stroke the child's arms and legs with firm but soft pressure. 3. Narrate the touch (e.g., ""Soft touch on your toes"") to help them process tactile input.",Baby-safe lotion or oil,[Image: Bottle of baby oil],[Image: Parent massaging a baby's leg]
152,Texture Basket,Sensory,"1. Fill a low basket with items like silk, a loofah, a smooth stone, and a pinecone. 2. Encourage the child to reach in and explore. 3. Use words like ""rough,"" ""smooth,"" or ""fuzzy"" as they touch each item.","Wicker basket, various textures",[Image: Basket of textured fabrics],[Image: Child feeling a bumpy ball]
153,Water Splash,Sensory,1. Fill a shallow tray with an inch of water. 2. Show the child how to tap the surface to make a splash. 3. Add a few floating toys to encourage them to reach and move their hands through the water.,"Shallow plastic tray, water",[Image: Blue plastic water tray],[Image: Child splashing water in a tub]
154,Rice Bin Dig,Sensory,"1. Fill a large plastic bin with dry rice. 2. Bury several small plastic toys under the rice. 3. Encourage the child to use their hands to ""dig"" through the rice and find the hidden treasures.","Large bin, dry rice, small toys",[Image: Bin filled with white rice],[Image: Child's hands buried in rice]
155,Sand Play,Sensory,1. Provide a small tray of clean play sand. 2. Show the child how to run their fingers through it or squeeze it. 3. Use a small rake or cup to show how the sand moves and takes shape.,"Play sand, small rake",[Image: Small pile of play sand],[Image: Child pouring sand from a cup]
156,Playdough Press,Sensory,"1. Roll out a flat ""pancake"" of playdough. 2. Give the child items like shells or large buttons. 3. Show them how to press the items into the dough to leave an impression, then peel them off.","Soft playdough, shells/buttons",[Image: Playdough with a shell print],[Image: Child pressing a hand into dough]
157,Bubble Catch,Sensory,"1. Blow a few bubbles into the air toward the child. 2. Encourage them to watch the bubbles move and track them with their eyes. 3. Show them how to reach out and ""catch"" a bubble on their hand before it pops.",Bubble solution and wand,[Image: Wand with a soap bubble],[Image: Child reaching for a bubble]
158,Feather Touch,Sensory,"1. Use a large, soft craft feather. 2. Gently brush the feather against the child's palm, arm, or cheek. 3. Observe their reaction to the light, ticklish sensation and name the feeling (""That's soft!"").",Soft craft feather,[Image: Large colorful feather],[Image: Parent brushing a feather on child's hand]
159,Ice Touch,Sensory,"1. Place a few large ice cubes in a bowl. 2. Let the child touch the ice for a few seconds. 3. Talk about the sensation of ""Cold!"" and watch how the ice slips and melts in their hand.","Ice cubes, plastic bowl",[Image: Clear ice cubes in a bowl],[Image: Child touching a cold ice cube]
160,Water Pouring,Sensory,"1. Provide two plastic cups, one filled with water. 2. Show the child how to pour water from one cup into the other. 3. Listen to the ""glug-glug"" sound and watch the water move to build hand-eye coordination.","Two plastic cups, water",[Image: Water pouring between cups],[Image: Child pouring water into a tray]
161,Texture Walk,Sensory,"1. Lay out different ""floor stations"" using a rug, a towel, and bubble wrap. 2. Hold the child's hands as they walk barefoot over each surface. 3. Describe the change in feeling, such as ""soft,"" ""bumpy,"" or ""scratchy.""","Rug, towel, bubble wrap",[Image: Various floor textures],[Image: Child walking on bubble wrap]
162,Sound Shake,Sensory,"1. Fill three identical plastic eggs with different items (beans, rice, a bell). 2. Shake one egg and listen to the unique sound it makes. 3. Encourage the child to shake the eggs and find the one that sounds ""loud"" or ""quiet.""","Plastic eggs, dry beans, rice",[Image: Colorful plastic eggs],[Image: Child shaking a plastic egg]
163,Light Shadow Play,Sensory,"1. Dim the lights and shine a flashlight against a plain wall. 2. Move your hand in front of the light to create shadows. 3. Encourage the child to try and ""catch"" the shadow on the wall with their hands.",Flashlight,[Image: Bright LED flashlight],[Image: Hand shadow on a wall]
164,Scent Smell Game,Sensory,"1. Hold a safe, scented item like a lemon slice or a cinnamon stick near the child. 2. Say ""Mmm, smell the lemon!"" and take a deep breath. 3. Observe the child's reaction as they take a sniff of the new scent.","Lemon slice, cinnamon stick",[Image: Fresh lemon wedge],[Image: Child smelling a piece of fruit]
165,Wind Fan Play,Sensory,1. Turn on a small electric fan on a low setting. 2. Hold a lightweight scarf in front of the fan so it flutters. 3. Let the child feel the air on their skin and watch how the wind moves the fabric.,"Small fan, silk scarf",[Image: Portable electric fan],[Image: Child feeling air from a fan]
166,Warm Water Dip,Sensory,"1. Prepare a bowl of comfortably warm water (test on your wrist first). 2. Let the child dip their hands or feet into the water. 3. Talk about the ""warm"" sensation compared to the cool air in the room.","Plastic basin, warm water",[Image: Plastic wash basin],[Image: Child's feet in warm water]
167,Cold Spoon Touch,Sensory,"1. Place a metal spoon in the refrigerator for 10 minutes. 2. Gently touch the back of the cold spoon to the child’s palm or cheek. 3. Watch for their reaction to the sudden temperature change and say ""Ooh, cold!"".",Metal spoon,[Image: Stainless steel spoon],[Image: Parent touching spoon to child's hand]
168,Foam Play,Sensory,1. Spray a small amount of unscented shaving foam or whipped cream onto a tray. 2. Show the child how to draw lines or circles in the foam with their finger. 3. Encourage them to squish the foam between their hands to feel the airy texture.,Shaving foam or whipped cream,[Image: Pile of white foam],[Image: Child drawing in foam on a tray]
169,Finger Sand Drawing,Sensory,"1. Spread a thin layer of sand over a dark-colored tray. 2. Use your finger to draw a simple shape or a letter. 3. Have the child ""erase"" the drawing by shaking the tray and then let them draw their own lines.","Tray, clean play sand",[Image: Tray with a layer of sand],[Image: Finger drawing a circle in sand]
170,Leaf Touch Game,Sensory,"1. Collect several leaves of different shapes and textures (crunchy, smooth, fuzzy). 2. Let the child hold and crumble a dry leaf to hear the sound. 3. Compare it to a smooth green leaf to explore natural textures.",Assorted natural leaves,[Image: Green and brown leaves],[Image: Child crumbling a dry leaf]
171,Grass Walk,Sensory,"1. Take the child to a patch of clean, safe grass. 2. Let them stand or crawl barefoot on the grass. 3. Describe the feeling of the ""tickly"" grass on their skin as they move around.",Natural grass area,[Image: Patch of green grass],[Image: Child crawling on grass]
172,Bubble Pop,Sensory,"1. Blow bubbles upward so they float down toward the child. 2. Encourage the child to use their ""pointer finger"" to poke a bubble. 3. Celebrate with a ""Pop!"" sound every time they successfully touch one.",Bubble solution and wand,[Image: Soap bubbles in the air],[Image: Child's finger popping a bubble]
173,Fabric Rub Game,Sensory,"1. Gather scraps of different fabrics like corduroy, satin, and fleece. 2. Rub a piece gently against the child's arm. 3. Let them grab the fabric and feel the difference between the ""bumpy"" and ""soft"" materials.","Fabric scraps (Satin, Fleece)",[Image: Pieces of different fabrics],[Image: Child feeling a piece of satin]
174,Water Drip Watch,Sensory,"1. Use a sponge or a washcloth soaked in water. 2. Hold it above a bowl and squeeze it slowly so the water drips. 3. Encourage the child to watch the drops fall and listen to the ""plop"" sound in the water.","Sponge, bowl of water",[Image: Wet yellow sponge],[Image: Water dripping into a bowl]
175,Rolling Ball Feel,Sensory,"1. Use a ball with a unique texture (e.g., a nubby sensory ball). 2. Roll the ball slowly over the child's legs or back. 3. Encourage them to catch the ball and explore the ""bumps"" with their own hands.",Textured sensory ball,[Image: Bumpy rubber ball],[Image: Ball being rolled on child's arm]
176,Vibration Toy,Sensory,1. Use a toy that gently vibrates when a string is pulled or a button is pushed. 2. Place the vibrating toy against the child's hand. 3. Observe their curiosity as they feel the steady buzzing sensation.,Vibrating plush toy,[Image: Pull-string vibrating toy],[Image: Child holding a vibrating toy]
177,Texture Path Crawl,Sensory,"1. Tape squares of different materials (tinfoil, felt, cardboard) to the floor in a line. 2. Encourage the child to crawl along the path. 3. Notice how they react to the ""crinkle"" of the foil versus the ""soft"" felt.","Tinfoil, felt, cardboard",[Image: Path of different materials],[Image: Child crawling on tinfoil]
178,Corn Flour Play,Sensory,"1. Mix corn flour with a little water to create ""Oobleck"" (a goop that is both solid and liquid). 2. Let the child punch the surface, then watch their hand sink in. 3. Show them how to scoop it up and watch it ""melt"" through their fingers.","Corn flour, water, tray",[Image: Bowl of white corn flour goop],[Image: Child's hands in white goop]
179,Bottle Sound Shake,Sensory,1. Fill small plastic bottles with different amounts of water. 2. Shake the bottles to show how the sound changes based on the water level. 3. Let the child shake them to feel the weight shift and hear the splashing.,Small clear plastic bottles,[Image: Plastic bottles with water],[Image: Child shaking a water bottle]
180,Soft Brush Touch,Sensory,"1. Use a very soft makeup brush or a baby hairbrush. 2. Gently ""paint"" the child’s hand or foot with the dry bristles. 3. Describe the sensation as ""tickly"" or ""soft"" to build sensory vocabulary.",Soft baby brush or makeup brush,[Image: Soft-bristled baby brush],[Image: Parent brushing child's foot]
181,Finger Feeding,Self Help,"1. Place small, soft pieces of food (like steamed carrots) on a high-chair tray. 2. Show the child how to pick up one piece using their thumb and forefinger. 3. Encourage them to bring the food to their mouth independently.",Soft-cooked vegetable pieces,[Image: Steamed carrot sticks],[Image: Child picking up a small snack]
182,Cup Drinking,Self Help,"1. Use a small, open cup with a tiny amount of water. 2. Guide the child's hands to hold both sides of the cup. 3. Help them tip it slowly to take a small sip without spilling.",Small open training cup,[Image: Plastic child-sized cup],[Image: Child holding cup to mouth]
183,Toy Cleanup,Self Help,"1. At the end of play, bring a large bin to the center of the room. 2. Pick up a toy and say ""In the box!"". 3. Hand a toy to the child and guide them to drop it into the bin.",Large toy bin or basket,[Image: Plastic toy crate],[Image: Child putting a doll in a box]
184,Sock Removal,Self Help,1. Loosen the heel of the child's sock slightly. 2. Show them how to grab the toe part of the sock. 3. Encourage them to pull the sock all the way off their foot.,Loose-fitting cotton socks,[Image: Pair of colorful baby socks],[Image: Child pulling a sock off]
185,Hand Washing,Self Help,1. Stand the child at the sink using a secure step stool. 2. Apply a small drop of mild soap to their hands. 3. Help them rub their palms together and rinse under the water.,"Step stool, mild liquid soap",[Image: Bottle of hand soap],[Image: Parent helping child wash hands]
186,Brushing Teeth,Self Help,"1. Apply a smear of child-safe toothpaste to a small brush. 2. Let the child hold the handle while you guide the bristles over their teeth. 3. Allow them to ""brush"" on their own for a few seconds to build familiarity.",Soft toddler toothbrush,[Image: Small colorful toothbrush],[Image: Child holding a toothbrush]
187,Spoon Eating,Self Help,1. Provide a bowl of thick food (like yogurt or oatmeal) that stays on a spoon. 2. Scoop a small amount and hand the spoon to the child. 3. Guide their hand to their mouth to help them learn the scooping motion.,"Chunky baby spoon, yogurt",[Image: Short-handled baby spoon],[Image: Child trying to feed themselves]
188,Hat On Off,Self Help,"1. Place a soft, loose hat on the child's head while looking in a mirror. 2. Show them how to grab the brim and pull it off. 3. Encourage them to try and ""plop"" the hat back onto their head.",Soft sun hat or beanie,[Image: Wide-brimmed cotton hat],[Image: Child pulling a hat off]
189,Simple Dressing,Self Help,1. Hold out a shirt with a wide neck opening. 2. Encourage the child to push their arms through the sleeve holes. 3. Praise their effort as they help pull the garment down over their tummy.,Loose-fitting t-shirt,[Image: Child's cotton t-shirt],[Image: Child pushing arm through sleeve]
190,Towel Drying,Self Help,"1. After washing hands, hand a small, soft towel to the child. 2. Show them how to rub the towel over their wet hands. 3. Encourage them to ""pat-pat"" their skin until the water is gone.",Small hand towel,[Image: Soft terrycloth towel],[Image: Child rubbing hands with a towel]
191,Toy Shelf Return,Self Help,"1. Identify a low, open shelf where a specific toy belongs. 2. Hand the toy to the child and point to the shelf. 3. Guide them to walk over and place the toy neatly in its ""home.""",Low open bookshelf,[Image: Wooden toy shelf],[Image: Child placing a toy on a shelf]
192,Snack Plate Carry,Self Help,"1. Place a few dry crackers on a lightweight, non-slip plastic plate. 2. Have the child hold the plate with both hands. 3. Encourage them to walk a short distance to the table without dropping the crackers.",Lightweight plastic plate,[Image: Small plastic plate],[Image: Child carrying a plate carefully]
193,Water Bottle Drink,Self Help,1. Provide a child-safe water bottle with a straw or spout. 2. Show them how to flip the lid or position the straw. 3. Encourage them to hold the bottle and drink independently throughout the day.,Toddler straw bottle,[Image: Reusable water bottle],[Image: Child drinking from a straw]
194,Chair Sitting,Self Help,"1. Place a sturdy, child-sized chair near the child. 2. Show them how to turn around and back up toward the seat. 3. Assist them in lowering themselves safely into the chair to sit.",Sturdy child-sized chair,[Image: Small wooden chair],[Image: Child sitting down in a small chair]
195,Nap Blanket Fold,Self Help,"1. After a nap, lay the child's small blanket flat on the floor. 2. Show them how to take two corners and bring them to the middle. 3. Encourage them to ""smooth"" the blanket with their hands.",Small fleece blanket,[Image: Soft baby blanket],[Image: Child's hands folding fabric]
196,Shoe Placement,Self Help,1. Designate a specific spot or mat near the door for shoes. 2. Hand the child their shoes after coming inside. 3. Encourage them to bend down and place the shoes neatly on the designated spot.,Small floor mat or tray,[Image: Pair of toddler sneakers],[Image: Child placing shoes on a mat]
197,Laundry Help,Self Help,"1. Give the child a small piece of clean laundry (like a sock). 2. Point to the laundry basket. 3. Encourage them to walk over and drop the item into the basket to ""help"" with chores.",Small laundry basket,[Image: Plastic laundry basket],[Image: Child dropping a sock in a basket]
198,Spoon In Sink,Self Help,"1. After a meal, show the child your empty spoon. 2. Guide them to a low plastic basin or the kitchen sink. 3. Encourage them to drop their used spoon into the basin to signal the end of the meal.",Plastic basin,[Image: Kitchen sink basin],[Image: Child putting a spoon in a tub]
199,Trash In Bin,Self Help,"1. Give the child a small, safe piece of trash (like a paper scrap). 2. Point to a small, open wastebasket. 3. Encourage them to drop the paper inside and say ""All gone!"".",Small open trash bin,[Image: Small wastebasket],[Image: Child dropping paper in a bin]
200,Carry Small Bag,Self Help,1. Place a very light item (like a plush toy) in a small tote bag. 2. Hand the handle of the bag to the child. 3. Encourage them to carry the bag while walking from one room to another.,Small cloth tote bag,[Image: Fabric bag with handles],[Image: Child walking with a small bag]
201,Place Book on Shelf,Self Help,"1. Hand the child a sturdy board book. 2. Point to a low, reachable shelf. 3. Guide them to slide the book onto the shelf alongside others.","Low bookshelf, board books",[Image: Child's bookshelf],[Image: Child placing a book on a shelf]
202,Wipe Table Try,Self Help,"1. Give the child a small, damp microfiber cloth. 2. Demonstrate a circular wiping motion on a low table. 3. Encourage them to ""clean up"" their play surface.",Small damp cloth,[Image: Soft blue cloth],[Image: Child wiping a table]
203,Put Toys In Box,Self Help,1. Point to scattered toys on the floor. 2. Hand one toy to the child and gesture toward the box. 3. Celebrate every toy they successfully put inside the container.,Large toy box,[Image: Toy storage box],[Image: Child cleaning up toys]
204,Close Drawer Help,Self Help,"1. Open a low, safe drawer (e.g., in a play kitchen). 2. Show the child how to place their palms flat on the front. 3. Encourage them to push until the drawer clicks shut.",Low safe drawer,[Image: Low cabinet drawer],[Image: Child pushing a drawer shut]
205,Put Cup On Table,Self Help,"1. After drinking, guide the child to hold their cup with both hands. 2. Point to a flat, clear spot on the table. 3. Encourage them to set the cup down gently without tipping it over.",Plastic training cup,[Image: Colorful plastic cup],[Image: Child placing cup on a table]
206,Pick Up Cloth,Self Help,"1. Drop a clean washcloth or napkin on the floor. 2. Ask the child ""Can you get that?"". 3. Encourage them to bend their knees, pick up the cloth, and hand it to you.",Small washcloth,[Image: Stack of washcloths],[Image: Child bending to pick up cloth]
207,Open Lunch Box,Self Help,1. Provide an easy-to-open lunch box with a simple latch. 2. Show the child how to lift the clip. 3. Encourage them to pull the lid open to find a small treat or toy inside.,Easy-latch lunch box,[Image: Plastic bento box],[Image: Child lifting a lunch box lid]
208,Hold Napkin,Self Help,"1. During a meal, hand the child a clean paper or cloth napkin. 2. Show them how to hold it in their lap or hand. 3. Encourage them to use it to ""pat"" their mouth after eating.",Cloth or paper napkin,[Image: White square napkin],[Image: Child holding a napkin]
209,Shoes Near Door,Self Help,"1. When entering the house, point to a specific shoe rack or mat. 2. Assist the child in taking off their shoes. 3. Encourage them to carry the shoes over and set them down in the designated ""shoe home"".",Shoe mat or tray,[Image: Plastic shoe tray],[Image: Child setting shoes on a mat]
210,Fold Small Cloth,Self Help,"1. Lay a small square washcloth flat. 2. Show the child how to bring two corners together to make a rectangle. 3. Help them press down on the fold with their palm to make it ""neat"".",Small square washcloth,[Image: Soft square cloth],[Image: Child folding a cloth]